{
  "train_loss": [
    2.263014554977417,
    1.9435447454452515,
    1.7389061450958252,
    1.6317737102508545,
    1.5473414659500122,
    1.498787760734558,
    1.461289644241333,
    1.435148000717163,
    1.422166347503662,
    1.4009861946105957,
    1.389482021331787,
    1.3854745626449585,
    1.3709276914596558,
    1.366641879081726,
    1.3628547191619873,
    1.3372114896774292,
    1.2613927125930786,
    1.2048993110656738,
    1.163353443145752,
    1.1216168403625488,
    1.098081111907959,
    1.0748602151870728,
    1.0521010160446167,
    1.0393517017364502,
    1.0268374681472778,
    1.0109124183654785,
    1.006066083908081,
    0.9933223724365234,
    0.9865062832832336,
    0.9779086709022522,
    0.9709059000015259,
    0.9652733206748962,
    0.9572558999061584,
    0.9522575736045837,
    0.944000780582428,
    0.9389873743057251,
    0.9330024123191833,
    0.9260093569755554,
    0.9203776717185974,
    0.9176006317138672,
    0.9132948517799377,
    0.9065449237823486,
    0.903890073299408,
    0.8993082642555237,
    0.8965972661972046,
    0.8915412425994873,
    0.8876182436943054,
    0.882582426071167,
    0.8795359134674072,
    0.875981330871582,
    0.8716277480125427,
    0.8702825307846069,
    0.865858793258667,
    0.8648132681846619,
    0.8595291376113892,
    0.8553754687309265,
    0.8511979579925537,
    0.8478776812553406,
    0.8441453576087952,
    0.8396981954574585,
    0.83697509765625,
    0.8327102661132812,
    0.8275236487388611,
    0.8249730467796326,
    0.8198769092559814
  ],
  "val_loss": [
    2.0296242237091064,
    1.779451847076416,
    1.6248122453689575,
    1.5280566215515137,
    1.4650750160217285,
    1.4232807159423828,
    1.394089698791504,
    1.37255859375,
    1.3569388389587402,
    1.3446369171142578,
    1.334325909614563,
    1.326172113418579,
    1.3195319175720215,
    1.3133139610290527,
    1.3079075813293457,
    1.294022560119629,
    1.279311180114746,
    1.2518301010131836,
    1.2186088562011719,
    1.190858006477356,
    1.1638137102127075,
    1.149006962776184,
    1.143946647644043,
    1.1413085460662842,
    1.1247440576553345,
    1.1191725730895996,
    1.1128690242767334,
    1.0987403392791748,
    1.0794405937194824,
    1.0644819736480713,
    1.0523793697357178,
    1.043756365776062,
    1.0319994688034058,
    1.0228461027145386,
    1.0104044675827026,
    1.0061984062194824,
    1.0031275749206543,
    1.002856731414795,
    0.9951887130737305,
    0.987322986125946,
    0.9753652811050415,
    0.9694317579269409,
    0.9625955820083618,
    0.9614514112472534,
    0.957627534866333,
    0.9528241157531738,
    0.9423023462295532,
    0.9345582723617554,
    0.9293422698974609,
    0.9241014122962952,
    0.920222282409668,
    0.9200456142425537,
    0.9136320948600769,
    0.9071218967437744,
    0.9051951169967651,
    0.8994353413581848,
    0.8955550789833069,
    0.8929440975189209,
    0.892296552658081,
    0.8906809687614441,
    0.8855975270271301,
    0.8865948915481567,
    0.8804082274436951,
    0.8755641579627991,
    0.870877742767334
  ],
  "train_iou": [
    0.08189422637224197,
    0.13941746950149536,
    0.2096707820892334,
    0.22014319896697998,
    0.22012574970722198,
    0.2201332449913025,
    0.22014003992080688,
    0.2201404869556427,
    0.22014084458351135,
    0.22014391422271729,
    0.2201431691646576,
    0.2201416939496994,
    0.22014226019382477,
    0.22014346718788147,
    0.22014261782169342,
    0.2201431393623352,
    0.22014307975769043,
    0.2201431393623352,
    0.22014325857162476,
    0.22014300525188446,
    0.2201431542634964,
    0.22014324367046356,
    0.22014324367046356,
    0.22014324367046356,
    0.22014324367046356,
    0.22014324367046356,
    0.22014324367046356,
    0.22014324367046356,
    0.22014324367046356,
    0.22014324367046356,
    0.22014324367046356,
    0.22014324367046356,
    0.22014324367046356,
    0.22014324367046356,
    0.22014324367046356,
    0.22014324367046356,
    0.22014324367046356,
    0.22014324367046356,
    0.22014369070529938,
    0.22014334797859192,
    0.22014950215816498,
    0.22016248106956482,
    0.22021935880184174,
    0.22040955722332,
    0.22090443968772888,
    0.22240453958511353,
    0.22577011585235596,
    0.23295584321022034,
    0.24429897964000702,
    0.26042380928993225,
    0.2823755443096161,
    0.2997734248638153,
    0.31945961713790894,
    0.3346606492996216,
    0.34709087014198303,
    0.35540571808815,
    0.3628438115119934,
    0.36667853593826294,
    0.37232834100723267,
    0.37286576628685,
    0.3742111325263977,
    0.37650108337402344,
    0.3777238130569458,
    0.37886327505111694,
    0.3810720145702362
  ],
  "val_iou": [
    0.12582986056804657,
    0.16065996885299683,
    0.22342535853385925,
    0.22320246696472168,
    0.22322851419448853,
    0.2232317477464676,
    0.22322840988636017,
    0.22322939336299896,
    0.22322922945022583,
    0.22322990000247955,
    0.22323022782802582,
    0.22323022782802582,
    0.22323022782802582,
    0.22323039174079895,
    0.2232307344675064,
    0.2232307344675064,
    0.2232307344675064,
    0.2232307344675064,
    0.2232307344675064,
    0.2232307344675064,
    0.2232307344675064,
    0.2232307344675064,
    0.2232307344675064,
    0.2232307344675064,
    0.2232307344675064,
    0.2232307344675064,
    0.2232307344675064,
    0.2232307344675064,
    0.2232307344675064,
    0.2232307344675064,
    0.2232307344675064,
    0.2232307344675064,
    0.2232307344675064,
    0.2232307344675064,
    0.2232307344675064,
    0.2232307344675064,
    0.2232307344675064,
    0.2232307344675064,
    0.2232307344675064,
    0.2232307344675064,
    0.2232307344675064,
    0.2232307344675064,
    0.2232307344675064,
    0.2232307344675064,
    0.2232307344675064,
    0.2232307344675064,
    0.2232307344675064,
    0.2233424186706543,
    0.23087294399738312,
    0.25785040855407715,
    0.28458714485168457,
    0.31028375029563904,
    0.32778772711753845,
    0.3400697410106659,
    0.34998607635498047,
    0.3561207056045532,
    0.3611253499984741,
    0.3657849431037903,
    0.368022620677948,
    0.36815425753593445,
    0.36991792917251587,
    0.36957651376724243,
    0.3715217113494873,
    0.3729761838912964,
    0.37398892641067505
  ],