{
  "per_class": {
    "toiture_tole_ondulee": {
      "iou_0.5": {
        "TP": 0,
        "FP": 0,
        "FN": 257,
        "Precision": 0.0,
        "Recall": 0.0,
        "F1": 0.0,
        "AP": 0.0
      },
      "iou_0.55": {
        "TP": 0,
        "FP": 0,
        "FN": 257,
        "Precision": 0.0,
        "Recall": 0.0,
        "F1": 0.0,
        "AP": 0.0
      },
      "iou_0.6": {
        "TP": 0,
        "FP": 0,
        "FN": 257,
        "Precision": 0.0,
        "Recall": 0.0,
        "F1": 0.0,
        "AP": 0.0
      },
      "iou_0.65": {
        "TP": 0,
        "FP": 0,
        "FN": 257,
        "Precision": 0.0,
        "Recall": 0.0,
        "F1": 0.0,
        "AP": 0.0
      },
      "iou_0.7": {
        "TP": 0,
        "FP": 0,
        "FN": 257,
        "Precision": 0.0,
        "Recall": 0.0,
        "F1": 0.0,
        "AP": 0.0
      },
      "iou_0.75": {
        "TP": 0,
        "FP": 0,
        "FN": 257,
        "Precision": 0.0,
        "Recall": 0.0,
        "F1": 0.0,
        "AP": 0.0
      },
      "iou_0.8": {
        "TP": 0,
        "FP": 0,
        "FN": 257,
        "Precision": 0.0,
        "Recall": 0.0,
        "F1": 0.0,
        "AP": 0.0
      },
      "iou_0.85": {
        "TP": 0,
        "FP": 0,
        "FN": 257,
        "Precision": 0.0,
        "Recall": 0.0,
        "F1": 0.0,
        "AP": 0.0
      },
      "iou_0.9": {
        "TP": 0,
        "FP": 0,
        "FN": 257,
        "Precision": 0.0,
        "Recall": 0.0,
        "F1": 0.0,
        "AP": 0.0
      },
      "iou_0.95": {
        "TP": 0,
        "FP": 0,
        "FN": 257,
        "Precision": 0.0,
        "Recall": 0.0,
        "F1": 0.0,
        "AP": 0.0
      }
    },
    "toiture_tole_bac": {
      "iou_0.5": {
        "TP": 212,
        "FP": 592,
        "FN": 90,
        "Precision": 0.263681592039801,
        "Recall": 0.7019867549668874,
        "F1": 0.38336347197106696,
        "AP": 0.20763508802056482
      },
      "iou_0.55": {
        "TP": 201,
        "FP": 603,
        "FN": 101,
        "Precision": 0.25,
        "Recall": 0.6655629139072847,
        "F1": 0.36347197106690776,
        "AP": 0.18693706902407603
      },
      "iou_0.6": {
        "TP": 189,
        "FP": 615,
        "FN": 113,
        "Precision": 0.23507462686567165,
        "Recall": 0.6258278145695364,
        "F1": 0.3417721518987342,
        "AP": 0.16614398812039088
      },
      "iou_0.65": {
        "TP": 172,
        "FP": 632,
        "FN": 130,
        "Precision": 0.21393034825870647,
        "Recall": 0.5695364238410596,
        "F1": 0.3110307414104882,
        "AP": 0.14148041839005876
      },
      "iou_0.7": {
        "TP": 158,
        "FP": 646,
        "FN": 144,
        "Precision": 0.19651741293532338,
        "Recall": 0.5231788079470199,
        "F1": 0.2857142857142857,
        "AP": 0.11930853641060069
      },
      "iou_0.75": {
        "TP": 131,
        "FP": 673,
        "FN": 171,
        "Precision": 0.16293532338308458,
        "Recall": 0.4337748344370861,
        "F1": 0.23688969258589512,
        "AP": 0.08587637057266323
      },
      "iou_0.8": {
        "TP": 112,
        "FP": 692,
        "FN": 190,
        "Precision": 0.13930348258706468,
        "Recall": 0.3708609271523179,
        "F1": 0.20253164556962025,
        "AP": 0.0671504134776765
      },
      "iou_0.85": {
        "TP": 76,
        "FP": 728,
        "FN": 226,
        "Precision": 0.0945273631840796,
        "Recall": 0.25165562913907286,
        "F1": 0.13743218806509944,
        "AP": 0.030879516859269148
      },
      "iou_0.9": {
        "TP": 33,
        "FP": 771,
        "FN": 269,
        "Precision": 0.041044776119402986,
        "Recall": 0.10927152317880795,
        "F1": 0.0596745027124774,
        "AP": 0.005369074592560358
      },
      "iou_0.95": {
        "TP": 2,
        "FP": 802,
        "FN": 300,
        "Precision": 0.0024875621890547263,
        "Recall": 0.006622516556291391,
        "F1": 0.0036166365280289325,
        "AP": 1.7068341639926266e-05
      }
    },
    "toiture_dalle": {
      "iou_0.5": {
        "TP": 0,
        "FP": 0,
        "FN": 68,
        "Precision": 0.0,
        "Recall": 0.0,
        "F1": 0.0,
        "AP": 0.0
      },
      "iou_0.55": {
        "TP": 0,
        "FP": 0,
        "FN": 68,
        "Precision": 0.0,
        "Recall": 0.0,
        "F1": 0.0,
        "AP": 0.0
      },
      "iou_0.6": {
        "TP": 0,
        "FP": 0,
        "FN": 68,
        "Precision": 0.0,
        "Recall": 0.0,
        "F1": 0.0,
        "AP": 0.0
      },
      "iou_0.65": {
        "TP": 0,
        "FP": 0,
        "FN": 68,
        "Precision": 0.0,
        "Recall": 0.0,
        "F1": 0.0,
        "AP": 0.0
      },
      "iou_0.7": {
        "TP": 0,
        "FP": 0,
        "FN": 68,
        "Precision": 0.0,
        "Recall": 0.0,
        "F1": 0.0,
        "AP": 0.0
      },
      "iou_0.75": {
        "TP": 0,
        "FP": 0,
        "FN": 68,
        "Precision": 0.0,
        "Recall": 0.0,
        "F1": 0.0,
        "AP": 0.0
      },
      "iou_0.8": {
        "TP": 0,
        "FP": 0,
        "FN": 68,
        "Precision": 0.0,
        "Recall": 0.0,
        "F1": 0.0,
        "AP": 0.0
      },
      "iou_0.85": {
        "TP": 0,
        "FP": 0,
        "FN": 68,
        "Precision": 0.0,
        "Recall": 0.0,
        "F1": 0.0,
        "AP": 0.0
      },
      "iou_0.9": {
        "TP": 0,
        "FP": 0,
        "FN": 68,
        "Precision": 0.0,
        "Recall": 0.0,
        "F1": 0.0,
        "AP": 0.0
      },
      "iou_0.95": {
        "TP": 0,
        "FP": 0,
        "FN": 68,
        "Precision": 0.0,
        "Recall": 0.0,
        "F1": 0.0,
        "AP": 0.0
      }
    }
  },
  "overall": {
    "iou_0.5": {
      "TP": 212,
      "FP": 592,
      "FN": 415,
      "Precision": 0.263681592039801,
      "Recall": 0.33811802232854865,
      "F1": 0.2962962962962963
    },
    "iou_0.55": {
      "TP": 201,
      "FP": 603,
      "FN": 426,
      "Precision": 0.25,
      "Recall": 0.32057416267942584,
      "F1": 0.2809224318658281
    },
    "iou_0.6": {
      "TP": 189,
      "FP": 615,
      "FN": 438,
      "Precision": 0.23507462686567165,
      "Recall": 0.3014354066985646,
      "F1": 0.2641509433962264
    },
    "iou_0.65": {
      "TP": 172,
      "FP": 632,
      "FN": 455,
      "Precision": 0.21393034825870647,
      "Recall": 0.2743221690590112,
      "F1": 0.24039133473095736
    },
    "iou_0.7": {
      "TP": 158,
      "FP": 646,
      "FN": 469,
      "Precision": 0.19651741293532338,
      "Recall": 0.25199362041467305,
      "F1": 0.22082459818308875
    },
    "iou_0.75": {
      "TP": 131,
      "FP": 673,
      "FN": 496,
      "Precision": 0.16293532338308458,
      "Recall": 0.20893141945773525,
      "F1": 0.18308874912648496
    },
    "iou_0.8": {
      "TP": 112,
      "FP": 692,
      "FN": 515,
      "Precision": 0.13930348258706468,
      "Recall": 0.17862838915470494,
      "F1": 0.15653389238294899
    },
    "iou_0.85": {
      "TP": 76,
      "FP": 728,
      "FN": 551,
      "Precision": 0.0945273631840796,
      "Recall": 0.12121212121212122,
      "F1": 0.10621942697414395
    },
    "iou_0.9": {
      "TP": 33,
      "FP": 771,
      "FN": 594,
      "Precision": 0.041044776119402986,
      "Recall": 0.05263157894736842,
      "F1": 0.046121593291404604
    },
    "iou_0.95": {
      "TP": 2,
      "FP": 802,
      "FN": 625,
      "Precision": 0.0024875621890547263,
      "Recall": 0.003189792663476874,
      "F1": 0.0027952480782669465
    }
  },
  "iou_stats": {
    "box_iou_mean": 0.12532612913293537,
    "box_iou_std": 0.28156418864183613,
    "box_iou_median": 0.0,
    "mask_iou_mean": 0.12016203377837974,
    "mask_iou_std": 0.2695141913512458,
    "mask_iou_median": 0.0
  },
  "mAP50": 0.06921169600685494,
  "mAP50_95": 0.033693251460316674,